[
  {
    "name": "Pain",
    "image": "https://img2.freepng.fr/20180810/yvj/kisspng-gyro-pita-doner-kebab-shawarma-menu-dania-kebab-kanapki-dania-obiadowe-saa-5b6e5b6a806fe1.9631527715339590185261.jpg",
    "ingredient": "Pain"
  },
  {
    "name": "Baguette",
    "image": "https://img2.freepng.fr/20180408/lww/kisspng-gyro-baguette-doner-kebab-french-fries-kebab-5aca8dd9ddd4a8.9861609615232240259086.jpg",
    "ingredient": "Pain"
  },
  {
    "name": "Galette",
    "image": "https://img2.freepng.fr/20180329/gge/kisspng-wrap-doner-kebab-gyro-taco-salad-kebab-5abcc49519d668.9751067115223205331058.jpg",
    "ingredient": "Pain"
  },
  {
    "name": "Viande",
    "image": "https://img2.freepng.fr/20180612/us/kisspng-doner-kebab-skender-kebap-meat-shawarma-doner-kebab-5b1fd84f325c77.3277053115288136472063.jpg",
    "ingredient": "Viande"
  },
  {
    "name": "Tofu",
    "image": "https://png.pngtree.com/png-vector/20210526/ourmid/pngtree-tofu-beans-products-healthy-food-png-image_3347592.jpg",
    "ingredient": "Viande"
  },
  {
    "name": "Salade",
    "image": "https://assets.stickpng.com/images/585ea506cb11b227491c3525.png",
    "ingredient": "Crudité1"
  },
  {
    "name": "Tomates",
    "image": "https://e7.pngegg.com/pngimages/956/644/png-clipart-tomato-juice-cherry-tomato-food-pear-tomato-vegetable-natural-foods-tomato.png",
    "ingredient": "Crudité2"
  },
  {
    "name": "oignons",
    "image": "https://img2.freepng.fr/20180124/cee/kisspng-organic-food-red-onion-organic-red-onions-5a68bf67496027.0828807615168141833006.jpg",
    "ingredient": "Crudité3"
  },
  {
    "name": "Blanche",
    "image": "https://lcgpro.fr/media/catalog/product/cache/9b33c613db703571bd4d7754ea912530/b/l/blanche_1.png",
    "ingredient": "Sauce"
  },
  {
    "name": "Harissa",
    "image": "https://img1.freepng.fr/20180519/ipc/kisspng-ketchup-tomato-sauce-tomato-sauce-tomato-paste-5b0006ee5d6c59.9447378615267284303827.jpg",
    "ingredient": "Sauce"
  },
  {
    "name": "Béarnaise",
    "image": "https://www.petricorena.com/img/cms/sauce%20bearnaise.png",
    "ingredient": "Sauce"
  },
  {
    "name": "Barbecue",
    "image": "https://img2.freepng.fr/20190615/tuc/kisspng-h-j-heinz-company-hamburger-barbecue-sauce-ketchu-zrbliyeva-glnar-5d059ebbb16551.8980003015606494037266.jpg",
    "ingredient": "Sauce"
  },
  {
    "name": "Ketchup",
    "image": "https://ouichef.dz/media/1583337832-d168ac90-946a-4d30-99c6-155a5bc3a403.png",
    "ingredient": "Sauce"
  },
  {
    "name": "Curry",
    "image": "https://www.pngfind.com/pngs/m/165-1654472_curry-sacin-uzanmasi-ucun-maskalar-hd-png-download.png",
    "ingredient": "Sauce"
  }
]